pixid,noisy,label
72790,True,Corn_Ensilage
72791,True,Corn_Ensilage
72792,True,Corn_Ensilage
72793,True,Corn_Ensilage
72794,True,Corn_Ensilage
72795,True,Corn_Ensilage
72796,True,Corn_Ensilage
72797,True,Corn_Ensilage
72798,True,Corn_Ensilage
72799,True,Corn_Ensilage
72800,True,Sunflower
72801,True,Sunflower
72802,True,Sunflower
72803,True,Sunflower
72804,True,Sunflower
72805,True,Sunflower
72806,True,Sunflower
72807,True,Sunflower
72808,True,Sunflower
72809,True,Sunflower
72810,True,Soy
72811,True,Soy
72812,True,Soy
72813,True,Soy
72814,True,Soy
72815,False,Corn
72816,False,Corn
72817,False,Corn
72818,False,Corn
72819,False,Corn
72820,True,Sorghum
72821,True,Sorghum
72822,True,Sorghum
72823,True,Sorghum
72824,True,Sorghum
72825,True,Sorghum
72826,True,Sorghum
72827,True,Sorghum
72828,True,Sorghum
72829,True,Sorghum
72830,True,Sunflower
72831,True,Sunflower
72832,True,Sunflower
72833,True,Sunflower
72834,True,Sunflower
72835,True,Sunflower
72836,True,Sunflower
72837,True,Sunflower
72838,True,Sunflower
72839,True,Sunflower
72840,True,Corn_Ensilage
72841,True,Corn_Ensilage
72842,True,Corn_Ensilage
72843,True,Corn_Ensilage
72844,True,Corn_Ensilage
72845,True,Corn_Ensilage
72846,True,Corn_Ensilage
72847,True,Corn_Ensilage
72848,True,Corn_Ensilage
72849,True,Corn_Ensilage
72850,True,Sorghum
72851,True,Sorghum
72852,True,Sorghum
72853,True,Sorghum
72854,True,Sorghum
72855,True,Sorghum
72856,True,Sorghum
72857,True,Sorghum
72858,True,Sorghum
72859,True,Sorghum
72860,True,Sunflower
72861,True,Sunflower
72862,True,Sunflower
72863,True,Sunflower
72864,True,Sunflower
72865,True,Sunflower
72866,True,Sunflower
72867,True,Sunflower
72868,True,Sunflower
72869,True,Sunflower
72870,False,Corn
72871,False,Corn
72872,False,Corn
72873,False,Corn
72874,False,Corn
72875,False,Corn
72876,False,Corn
72877,False,Corn
72878,False,Corn
72879,False,Corn
72880,True,Soy
72881,True,Soy
72882,True,Soy
72883,True,Soy
72884,True,Soy
72885,True,Soy
72886,True,Soy
72887,True,Soy
72888,True,Soy
72889,True,Soy
72890,True,Soy
72891,True,Soy
72892,True,Soy
72893,True,Soy
72894,True,Soy
72895,True,Soy
72896,True,Soy
72897,True,Soy
72898,True,Soy
72899,True,Soy
72900,True,Soy
72901,True,Soy
72902,True,Soy
72903,True,Soy
72904,True,Soy
72905,True,Soy
72906,True,Soy
72907,True,Soy
72908,True,Soy
72909,True,Soy
72910,True,Sunflower
72911,True,Sunflower
72912,True,Sunflower
72913,True,Sunflower
72914,True,Sunflower
72915,True,Sunflower
72916,True,Sunflower
72917,True,Sunflower
72918,True,Sunflower
72919,True,Sunflower
72920,True,Sorghum
72921,True,Sorghum
72922,True,Sorghum
72923,True,Sorghum
72924,True,Sorghum
72925,True,Sorghum
72926,True,Sorghum
72927,True,Sorghum
72928,True,Sorghum
72929,True,Sorghum
72930,False,Corn
72931,False,Corn
72932,False,Corn
72933,False,Corn
72934,False,Corn
72935,False,Corn
72936,False,Corn
72937,False,Corn
72938,False,Corn
72939,False,Corn
72940,True,Sorghum
72941,True,Sorghum
72942,True,Sorghum
72943,True,Sorghum
72944,True,Sorghum
72945,True,Sorghum
72946,True,Sorghum
72947,True,Sorghum
72948,True,Sorghum
72949,True,Sorghum
72950,True,Soy
72951,True,Soy
72952,True,Soy
72953,True,Soy
72954,True,Soy
72955,True,Soy
72956,True,Soy
72957,True,Soy
72958,True,Soy
72959,True,Soy
72960,True,Corn_Ensilage
72961,True,Corn_Ensilage
72962,True,Corn_Ensilage
72963,True,Corn_Ensilage
72964,True,Corn_Ensilage
72965,True,Corn_Ensilage
72966,True,Corn_Ensilage
72967,True,Corn_Ensilage
72968,True,Corn_Ensilage
72969,True,Corn_Ensilage
72970,True,Corn_Ensilage
72971,True,Corn_Ensilage
72972,True,Corn_Ensilage
72973,True,Corn_Ensilage
72974,True,Corn_Ensilage
72975,True,Corn_Ensilage
72976,True,Corn_Ensilage
72977,True,Corn_Ensilage
72978,True,Corn_Ensilage
72979,True,Corn_Ensilage
72980,True,Sorghum
72981,True,Sorghum
72982,True,Sorghum
72983,True,Sorghum
72984,True,Sorghum
72985,True,Sorghum
72986,True,Sorghum
72987,True,Sorghum
72988,True,Sorghum
72989,True,Sorghum
72990,True,Soy
72991,True,Soy
72992,True,Soy
72993,True,Soy
72994,True,Soy
72995,True,Soy
72996,True,Soy
72997,True,Soy
72998,True,Soy
72999,True,Soy
73000,True,Soy
73001,True,Soy
73002,True,Soy
73003,True,Soy
73004,True,Soy
73005,True,Soy
73006,True,Soy
73007,True,Soy
73008,True,Soy
73009,True,Soy
73010,True,Soy
73011,True,Soy
73012,True,Soy
73013,True,Soy
73014,True,Soy
73015,True,Soy
73016,True,Soy
73017,True,Soy
73018,True,Soy
73019,True,Soy
73020,True,Soy
73021,True,Soy
73022,True,Soy
73023,True,Soy
73024,True,Soy
73025,True,Soy
73026,True,Soy
73027,True,Soy
73028,True,Soy
73029,True,Soy
73030,True,Sunflower
73031,True,Sunflower
73032,True,Sunflower
73033,True,Sunflower
73034,True,Sunflower
73035,True,Sunflower
73036,True,Sunflower
73037,True,Sunflower
73038,True,Sunflower
73039,True,Sunflower
73040,True,Sunflower
73041,True,Sunflower
73042,True,Sunflower
73043,True,Sunflower
73044,True,Sunflower
73045,True,Sunflower
73046,True,Sunflower
73047,True,Sunflower
73048,True,Sunflower
73049,True,Sunflower
73050,True,Sorghum
73051,True,Sorghum
73052,True,Sorghum
73053,True,Sorghum
73054,True,Sorghum
73055,True,Sorghum
73056,True,Sorghum
73057,True,Sorghum
73058,True,Sorghum
73059,True,Sorghum
73060,True,Soy
73061,True,Soy
73062,True,Soy
73063,True,Soy
73064,True,Soy
73065,True,Soy
73066,True,Soy
73067,True,Soy
73068,True,Soy
73069,True,Soy
73070,True,Sorghum
73071,True,Sorghum
73072,True,Sorghum
73073,True,Sorghum
73074,True,Sorghum
73075,True,Sorghum
73076,True,Sorghum
73077,True,Sorghum
73078,True,Sorghum
73079,True,Sorghum
73080,True,Sorghum
73081,True,Sorghum
73082,True,Sorghum
73083,True,Sorghum
73084,True,Sorghum
73085,True,Sorghum
73086,True,Sorghum
73087,True,Sorghum
73088,True,Sorghum
73089,True,Sorghum
73090,True,Soy
73091,True,Soy
73092,True,Soy
73093,True,Soy
73094,True,Soy
73095,True,Soy
73096,True,Soy
73097,True,Soy
73098,True,Soy
73099,True,Soy
73100,True,Sunflower
73101,True,Sunflower
73102,True,Sunflower
73103,True,Sunflower
73104,True,Sunflower
73105,True,Sunflower
73106,True,Sunflower
73107,True,Sunflower
73108,True,Sunflower
73109,True,Sunflower
73110,True,Sorghum
73111,True,Sorghum
73112,True,Sorghum
73113,True,Sorghum
73114,True,Sorghum
73115,True,Sorghum
73116,True,Sorghum
73117,True,Sorghum
73118,True,Sorghum
73119,True,Sorghum
73120,True,Corn_Ensilage
73121,True,Corn_Ensilage
73122,True,Corn_Ensilage
73123,True,Corn_Ensilage
73124,True,Corn_Ensilage
73125,True,Corn_Ensilage
73126,True,Corn_Ensilage
73127,True,Corn_Ensilage
73128,True,Corn_Ensilage
73129,True,Corn_Ensilage
73130,True,Sorghum
73131,True,Sorghum
73132,True,Sorghum
73133,True,Sorghum
73134,True,Sorghum
73135,True,Sorghum
73136,True,Sorghum
73137,True,Sorghum
73138,True,Sorghum
73139,True,Sorghum
73140,True,Sunflower
73141,True,Sunflower
73142,True,Sunflower
73143,True,Sunflower
73144,True,Sunflower
73145,True,Sunflower
73146,True,Sunflower
73147,True,Sunflower
73148,True,Sunflower
73149,True,Sunflower
73150,True,Corn_Ensilage
73151,True,Corn_Ensilage
73152,True,Corn_Ensilage
73153,True,Corn_Ensilage
73154,True,Corn_Ensilage
73155,True,Corn_Ensilage
73156,True,Corn_Ensilage
73157,True,Corn_Ensilage
73158,True,Corn_Ensilage
73159,True,Corn_Ensilage
73160,True,Sorghum
73161,True,Sorghum
73162,True,Sorghum
73163,True,Sorghum
73164,True,Sorghum
73165,True,Sorghum
73166,True,Sorghum
73167,True,Sorghum
73168,True,Sorghum
73169,True,Sorghum
73170,True,Sunflower
73171,True,Sunflower
73172,True,Sunflower
73173,True,Sunflower
73174,True,Sunflower
73175,True,Sunflower
73176,True,Sunflower
73177,True,Sunflower
73178,True,Sunflower
73179,True,Sunflower
73180,True,Corn_Ensilage
73181,True,Corn_Ensilage
73182,True,Corn_Ensilage
73183,True,Corn_Ensilage
73184,True,Corn_Ensilage
73185,True,Corn_Ensilage
73186,True,Corn_Ensilage
73187,True,Corn_Ensilage
73188,True,Corn_Ensilage
73189,True,Corn_Ensilage
73190,True,Sunflower
73191,True,Sunflower
73192,True,Sunflower
73193,True,Sunflower
73194,True,Sunflower
73195,True,Sunflower
73196,True,Sunflower
73197,True,Sunflower
73198,True,Sunflower
73199,True,Sunflower
73200,True,Sunflower
73201,True,Sunflower
73202,True,Sunflower
73203,True,Sunflower
73204,True,Sunflower
73205,True,Sunflower
73206,True,Sunflower
73207,True,Sunflower
73208,True,Sunflower
73209,True,Sunflower
73210,True,Corn_Ensilage
73211,True,Corn_Ensilage
73212,True,Corn_Ensilage
73213,True,Corn_Ensilage
73214,True,Corn_Ensilage
73215,True,Corn_Ensilage
73216,True,Corn_Ensilage
73217,True,Corn_Ensilage
73218,True,Corn_Ensilage
73219,True,Corn_Ensilage
73220,True,Sorghum
73221,True,Sorghum
73222,True,Sorghum
73223,True,Sorghum
73224,True,Sorghum
73225,True,Sorghum
73226,True,Sorghum
73227,True,Sorghum
73228,True,Sorghum
73229,True,Sorghum
73230,True,Sunflower
73231,True,Sunflower
73232,True,Sunflower
73233,True,Sunflower
73234,True,Sunflower
73235,True,Sunflower
73236,True,Sunflower
73237,True,Sunflower
73238,True,Sunflower
73239,True,Sunflower
73240,True,Sorghum
73241,True,Sorghum
73242,True,Sorghum
73243,True,Sorghum
73244,True,Sorghum
73245,True,Sorghum
73246,True,Sorghum
73247,True,Sorghum
73248,True,Sorghum
73249,True,Sorghum
73250,True,Sorghum
73251,True,Sorghum
73252,True,Sorghum
73253,True,Sorghum
73254,True,Sorghum
73255,True,Sorghum
73256,True,Sorghum
73257,True,Sorghum
73258,True,Sorghum
73259,True,Sorghum
73260,True,Sorghum
73261,True,Sorghum
73262,True,Sorghum
73263,True,Sorghum
73264,True,Sorghum
73265,True,Sorghum
73266,True,Sorghum
73267,True,Sorghum
73268,True,Sorghum
73269,True,Sorghum
73270,True,Soy
73271,True,Soy
73272,True,Soy
73273,True,Soy
73274,True,Soy
73275,True,Soy
73276,True,Soy
73277,True,Soy
73278,True,Soy
73279,True,Soy
73280,True,Soy
73281,True,Soy
73282,True,Soy
73283,True,Soy
73284,True,Soy
73285,True,Soy
73286,True,Soy
73287,True,Soy
73288,True,Soy
73289,True,Soy
73290,True,Sunflower
73291,True,Sunflower
73292,True,Sunflower
73293,True,Sunflower
73294,True,Sunflower
73295,True,Sunflower
73296,True,Sunflower
73297,True,Sunflower
73298,True,Sunflower
73299,True,Sunflower
73300,True,Soy
73301,True,Soy
73302,True,Soy
73303,True,Soy
73304,True,Soy
73305,True,Soy
73306,True,Soy
73307,True,Soy
73308,True,Soy
73309,True,Soy
73310,False,Corn_Ensilage
73311,False,Corn_Ensilage
73312,False,Corn_Ensilage
73313,False,Corn_Ensilage
73314,False,Corn_Ensilage
73315,False,Corn_Ensilage
73316,False,Corn_Ensilage
73317,False,Corn_Ensilage
73318,False,Corn_Ensilage
73319,False,Corn_Ensilage
73320,True,Sunflower
73321,True,Sunflower
73322,True,Sunflower
73323,True,Sunflower
73324,True,Sunflower
73325,True,Sunflower
73326,True,Sunflower
73327,True,Sunflower
73328,True,Sunflower
73329,True,Sunflower
73330,True,Sorghum
73331,True,Sorghum
73332,True,Sorghum
73333,True,Sorghum
73334,True,Sorghum
73335,True,Sorghum
73336,True,Sorghum
73337,True,Sorghum
73338,True,Sorghum
73339,True,Sorghum
73340,True,Sunflower
73341,True,Sunflower
73342,True,Sunflower
73343,True,Sunflower
73344,True,Sunflower
73345,True,Sunflower
73346,True,Sunflower
73347,True,Sunflower
73348,True,Sunflower
73349,True,Sunflower
73350,True,Sorghum
73351,True,Sorghum
73352,True,Sorghum
73353,True,Sorghum
73354,True,Sorghum
73355,True,Sorghum
73356,True,Sorghum
73357,True,Sorghum
73358,True,Sorghum
73359,True,Sorghum
73360,True,Corn
73361,True,Corn
73362,True,Corn
73363,True,Corn
73364,True,Corn
73365,True,Corn
73366,True,Corn
73367,True,Corn
73368,True,Corn
73369,True,Corn
73370,True,Soy
73371,True,Soy
73372,True,Soy
73373,True,Soy
73374,True,Soy
73375,False,Corn_Ensilage
73376,False,Corn_Ensilage
73377,False,Corn_Ensilage
73378,False,Corn_Ensilage
73379,False,Corn_Ensilage
73380,True,Corn
73381,True,Corn
73382,True,Corn
73383,True,Corn
73384,True,Corn
73385,True,Corn
73386,True,Corn
73387,True,Corn
73388,True,Corn
73389,True,Corn
73390,True,Corn
73391,True,Corn
73392,True,Corn
73393,True,Corn
73394,True,Corn
73395,True,Corn
73396,True,Corn
73397,True,Corn
73398,True,Corn
73399,True,Corn
73400,True,Soy
73401,True,Soy
73402,True,Soy
73403,True,Soy
73404,True,Soy
73405,True,Soy
73406,True,Soy
73407,True,Soy
73408,True,Soy
73409,True,Soy
73410,True,Soy
73411,True,Soy
73412,True,Soy
73413,True,Soy
73414,True,Soy
73415,True,Soy
73416,True,Soy
73417,True,Soy
73418,True,Soy
73419,True,Soy
73420,True,Corn
73421,True,Corn
73422,True,Corn
73423,True,Corn
73424,True,Corn
73425,True,Corn
73426,True,Corn
73427,True,Corn
73428,True,Corn
73429,True,Corn
73430,True,Sorghum
73431,True,Sorghum
73432,True,Sorghum
73433,True,Sorghum
73434,True,Sorghum
73435,True,Sorghum
73436,True,Sorghum
73437,True,Sorghum
73438,True,Sorghum
73439,True,Sorghum
73440,True,Soy
73441,True,Soy
73442,True,Soy
73443,True,Soy
73444,True,Soy
73445,True,Soy
73446,True,Soy
73447,True,Soy
73448,True,Soy
73449,True,Soy
73450,True,Soy
73451,True,Soy
73452,True,Soy
73453,True,Soy
73454,True,Soy
73455,True,Soy
73456,True,Soy
73457,True,Soy
73458,True,Soy
73459,True,Soy
73460,True,Corn
73461,True,Corn
73462,True,Corn
73463,True,Corn
73464,True,Corn
73465,True,Corn
73466,True,Corn
73467,True,Corn
73468,True,Corn
73469,True,Corn
73470,True,Sorghum
73471,True,Sorghum
73472,True,Sorghum
73473,True,Sorghum
73474,True,Sorghum
73475,True,Sorghum
73476,True,Sorghum
73477,True,Sorghum
73478,True,Sorghum
73479,True,Sorghum
73480,True,Sorghum
73481,True,Sorghum
73482,True,Sorghum
73483,True,Sorghum
73484,True,Sorghum
73485,True,Sorghum
73486,True,Sorghum
73487,True,Sorghum
73488,True,Sorghum
73489,True,Sorghum
73490,True,Soy
73491,True,Soy
73492,True,Soy
73493,True,Soy
73494,True,Soy
73495,True,Soy
73496,True,Soy
73497,True,Soy
73498,True,Soy
73499,True,Soy
73500,True,Sorghum
73501,True,Sorghum
73502,True,Sorghum
73503,True,Sorghum
73504,True,Sorghum
73505,True,Sorghum
73506,True,Sorghum
73507,True,Sorghum
73508,True,Sorghum
73509,True,Sorghum
73510,True,Sunflower
73511,True,Sunflower
73512,True,Sunflower
73513,True,Sunflower
73514,True,Sunflower
73515,True,Sunflower
73516,True,Sunflower
73517,True,Sunflower
73518,True,Sunflower
73519,True,Sunflower
73520,True,Sunflower
73521,True,Sunflower
73522,True,Sunflower
73523,True,Sunflower
73524,True,Sunflower
73525,True,Sunflower
73526,True,Sunflower
73527,True,Sunflower
73528,True,Sunflower
73529,True,Sunflower
73530,True,Corn
73531,True,Corn
73532,True,Corn
73533,True,Corn
73534,True,Corn
73535,True,Corn
73536,True,Corn
73537,True,Corn
73538,True,Corn
73539,True,Corn
73540,True,Corn
73541,True,Corn
73542,True,Corn
73543,True,Corn
73544,True,Corn
73545,True,Corn
73546,True,Corn
73547,True,Corn
73548,True,Corn
73549,True,Corn
73550,True,Sorghum
73551,True,Sorghum
73552,True,Sorghum
73553,True,Sorghum
73554,True,Sorghum
73555,True,Sorghum
73556,True,Sorghum
73557,True,Sorghum
73558,True,Sorghum
73559,True,Sorghum
73560,True,Soy
73561,True,Soy
73562,True,Soy
73563,True,Soy
73564,True,Soy
73565,True,Soy
73566,True,Soy
73567,True,Soy
73568,True,Soy
73569,True,Soy
73570,True,Sorghum
73571,True,Sorghum
73572,True,Sorghum
73573,True,Sorghum
73574,True,Sorghum
73575,True,Sorghum
73576,True,Sorghum
73577,True,Sorghum
73578,True,Sorghum
73579,True,Sorghum
73580,False,Corn_Ensilage
73581,False,Corn_Ensilage
73582,False,Corn_Ensilage
73583,False,Corn_Ensilage
73584,False,Corn_Ensilage
73585,False,Corn_Ensilage
73586,False,Corn_Ensilage
73587,False,Corn_Ensilage
73588,False,Corn_Ensilage
73589,False,Corn_Ensilage
73590,True,Sunflower
73591,True,Sunflower
73592,True,Sunflower
73593,True,Sunflower
73594,True,Sunflower
73595,True,Sunflower
73596,True,Sunflower
73597,True,Sunflower
73598,True,Sunflower
73599,True,Sunflower
73600,True,Sunflower
73601,True,Sunflower
73602,True,Sunflower
73603,True,Sunflower
73604,True,Sunflower
73605,True,Sunflower
73606,True,Sunflower
73607,True,Sunflower
73608,True,Sunflower
73609,True,Sunflower
73610,True,Corn
73611,True,Corn
73612,True,Corn
73613,True,Corn
73614,True,Corn
73615,True,Corn
73616,True,Corn
73617,True,Corn
73618,True,Corn
73619,True,Corn
73620,True,Sorghum
73621,True,Sorghum
73622,True,Sorghum
73623,True,Sorghum
73624,True,Sorghum
73625,True,Sorghum
73626,True,Sorghum
73627,True,Sorghum
73628,True,Sorghum
73629,True,Sorghum
73630,True,Sorghum
73631,True,Sorghum
73632,True,Sorghum
73633,True,Sorghum
73634,True,Sorghum
73635,True,Sorghum
73636,True,Sorghum
73637,True,Sorghum
73638,True,Sorghum
73639,True,Sorghum
73640,True,Sorghum
73641,True,Sorghum
73642,True,Sorghum
73643,True,Sorghum
73644,True,Sorghum
73645,True,Sorghum
73646,True,Sorghum
73647,True,Sorghum
73648,True,Sorghum
73649,True,Sorghum
73650,True,Soy
73651,True,Soy
73652,True,Soy
73653,True,Soy
73654,True,Soy
73655,True,Soy
73656,True,Soy
73657,True,Soy
73658,True,Soy
73659,True,Soy
73660,True,Soy
73661,True,Soy
73662,True,Soy
73663,True,Soy
73664,True,Soy
73665,True,Soy
73666,True,Soy
73667,True,Soy
73668,True,Soy
73669,True,Soy
73670,True,Sunflower
73671,True,Sunflower
73672,True,Sunflower
73673,True,Sunflower
73674,True,Sunflower
73675,True,Sunflower
73676,True,Sunflower
73677,True,Sunflower
73678,True,Sunflower
73679,True,Sunflower
73680,True,Sunflower
73681,True,Sunflower
73682,True,Sunflower
73683,True,Sunflower
73684,True,Sunflower
73685,True,Sunflower
73686,True,Sunflower
73687,True,Sunflower
73688,True,Sunflower
73689,True,Sunflower
73690,True,Soy
73691,True,Soy
73692,True,Soy
73693,True,Soy
73694,True,Soy
73695,True,Soy
73696,True,Soy
73697,True,Soy
73698,True,Soy
73699,True,Soy
73700,True,Sunflower
73701,True,Sunflower
73702,True,Sunflower
73703,True,Sunflower
73704,True,Sunflower
73705,True,Sunflower
73706,True,Sunflower
73707,True,Sunflower
73708,True,Sunflower
73709,True,Sunflower
73710,True,Sunflower
73711,True,Sunflower
73712,True,Sunflower
73713,True,Sunflower
73714,True,Sunflower
73715,True,Sunflower
73716,True,Sunflower
73717,True,Sunflower
73718,True,Sunflower
73719,True,Sunflower
73720,True,Soy
73721,True,Soy
73722,True,Soy
73723,True,Soy
73724,True,Soy
73725,True,Soy
73726,True,Soy
73727,True,Soy
73728,True,Soy
73729,True,Soy
73730,True,Soy
73731,True,Soy
73732,True,Soy
73733,True,Soy
73734,True,Soy
73735,True,Soy
73736,True,Soy
73737,True,Soy
73738,True,Soy
73739,True,Soy
73740,True,Corn
73741,True,Corn
73742,True,Corn
73743,True,Corn
73744,True,Corn
73745,True,Corn
73746,True,Corn
73747,True,Corn
73748,True,Corn
73749,True,Corn
73750,True,Soy
73751,True,Soy
73752,True,Soy
73753,True,Soy
73754,True,Soy
73755,True,Soy
73756,True,Soy
73757,True,Soy
73758,True,Soy
73759,True,Soy
73760,True,Sorghum
73761,True,Sorghum
73762,True,Sorghum
73763,True,Sorghum
73764,True,Sorghum
73765,True,Sorghum
73766,True,Sorghum
73767,True,Sorghum
73768,True,Sorghum
73769,True,Sorghum
73770,True,Corn
73771,True,Corn
73772,True,Corn
73773,True,Corn
73774,True,Corn
73775,True,Corn
73776,True,Corn
73777,True,Corn
73778,True,Corn
73779,True,Corn
73780,True,Sorghum
73781,True,Sorghum
73782,True,Sorghum
73783,True,Sorghum
73784,True,Sorghum
73785,True,Sorghum
73786,True,Sorghum
73787,True,Sorghum
73788,True,Sorghum
73789,True,Sorghum
73790,True,Corn
73791,True,Corn
73792,True,Corn
73793,True,Corn
73794,True,Corn
73795,True,Corn
73796,True,Corn
73797,True,Corn
73798,True,Corn
73799,True,Corn
73800,True,Corn_Ensilage
73801,True,Corn_Ensilage
73802,True,Corn_Ensilage
73803,True,Corn_Ensilage
73804,True,Corn_Ensilage
73805,True,Corn_Ensilage
73806,True,Corn_Ensilage
73807,True,Corn_Ensilage
73808,True,Corn_Ensilage
73809,True,Corn_Ensilage
73810,True,Corn
73811,True,Corn
73812,True,Corn
73813,True,Corn
73814,True,Corn
73815,True,Corn
73816,True,Corn
73817,True,Corn
73818,True,Corn
73819,True,Corn
73820,True,Soy
73821,True,Soy
73822,True,Soy
73823,True,Soy
73824,True,Soy
73825,True,Soy
73826,True,Soy
73827,True,Soy
73828,True,Soy
73829,True,Soy
73830,False,Sorghum
73831,False,Sorghum
73832,False,Sorghum
73833,False,Sorghum
73834,False,Sorghum
73835,False,Sorghum
73836,False,Sorghum
73837,False,Sorghum
73838,False,Sorghum
73839,False,Sorghum
73840,True,Soy
73841,True,Soy
73842,True,Soy
73843,True,Soy
73844,True,Soy
73845,True,Soy
73846,True,Soy
73847,True,Soy
73848,True,Soy
73849,True,Soy
73850,True,Soy
73851,True,Soy
73852,True,Soy
73853,True,Soy
73854,True,Soy
73855,True,Soy
73856,True,Soy
73857,True,Soy
73858,True,Soy
73859,True,Soy
73860,True,Soy
73861,True,Soy
73862,True,Soy
73863,True,Soy
73864,True,Soy
73865,True,Soy
73866,True,Soy
73867,True,Soy
73868,True,Soy
73869,True,Soy
73870,True,Corn_Ensilage
73871,True,Corn_Ensilage
73872,True,Corn_Ensilage
73873,True,Corn_Ensilage
73874,True,Corn_Ensilage
73875,True,Corn_Ensilage
73876,True,Corn_Ensilage
73877,True,Corn_Ensilage
73878,True,Corn_Ensilage
73879,True,Corn_Ensilage
73880,True,Corn
73881,True,Corn
73882,True,Corn
73883,True,Corn
73884,True,Corn
73885,True,Corn
73886,True,Corn
73887,True,Corn
73888,True,Corn
73889,True,Corn
73890,True,Soy
73891,True,Soy
73892,True,Soy
73893,True,Soy
73894,True,Soy
73895,True,Soy
73896,True,Soy
73897,True,Soy
73898,True,Soy
73899,True,Soy
73900,True,Corn
73901,True,Corn
73902,True,Corn
73903,True,Corn
73904,True,Corn
73905,True,Corn
73906,True,Corn
73907,True,Corn
73908,True,Corn
73909,True,Corn
73910,True,Sunflower
73911,True,Sunflower
73912,True,Sunflower
73913,True,Sunflower
73914,True,Sunflower
73915,True,Sunflower
73916,True,Sunflower
73917,True,Sunflower
73918,True,Sunflower
73919,True,Sunflower
73920,True,Soy
73921,True,Soy
73922,True,Soy
73923,True,Soy
73924,True,Soy
73925,True,Soy
73926,True,Soy
73927,True,Soy
73928,True,Soy
73929,True,Soy
73930,True,Soy
73931,True,Soy
73932,True,Soy
73933,True,Soy
73934,True,Soy
73935,True,Soy
73936,True,Soy
73937,True,Soy
73938,True,Soy
73939,True,Soy
73940,True,Corn
73941,True,Corn
73942,True,Corn
73943,True,Corn
73944,True,Corn
73945,True,Corn
73946,True,Corn
73947,True,Corn
73948,True,Corn
73949,True,Corn
73950,True,Corn_Ensilage
73951,True,Corn_Ensilage
73952,True,Corn_Ensilage
73953,True,Corn_Ensilage
73954,True,Corn_Ensilage
73955,True,Corn_Ensilage
73956,True,Corn_Ensilage
73957,True,Corn_Ensilage
73958,True,Corn_Ensilage
73959,True,Corn_Ensilage
73960,True,Corn
73961,True,Corn
73962,True,Corn
73963,True,Corn
73964,True,Corn
73965,True,Corn
73966,True,Corn
73967,True,Corn
73968,True,Corn
73969,True,Corn
73970,True,Corn
73971,True,Corn
73972,True,Corn
73973,True,Corn
73974,True,Corn
73975,True,Corn
73976,True,Corn
73977,True,Corn
73978,True,Corn
73979,True,Corn
73980,True,Corn_Ensilage
73981,True,Corn_Ensilage
73982,True,Corn_Ensilage
73983,True,Corn_Ensilage
73984,True,Corn_Ensilage
73985,True,Corn_Ensilage
73986,True,Corn_Ensilage
73987,True,Corn_Ensilage
73988,True,Corn_Ensilage
73989,True,Corn_Ensilage
73990,True,Corn
73991,True,Corn
73992,True,Corn
73993,True,Corn
73994,True,Corn
73995,True,Corn
73996,True,Corn
73997,True,Corn
73998,True,Corn
73999,True,Corn
74000,True,Sunflower
74001,True,Sunflower
74002,True,Sunflower
74003,True,Sunflower
74004,True,Sunflower
74005,True,Sunflower
74006,True,Sunflower
74007,True,Sunflower
74008,True,Sunflower
74009,True,Sunflower
74010,True,Corn
74011,True,Corn
74012,True,Corn
74013,True,Corn
74014,True,Corn
74015,True,Corn
74016,True,Corn
74017,True,Corn
74018,True,Corn
74019,True,Corn
74020,True,Sunflower
74021,True,Sunflower
74022,True,Sunflower
74023,True,Sunflower
74024,True,Sunflower
74025,True,Sunflower
74026,True,Sunflower
74027,True,Sunflower
74028,True,Sunflower
74029,True,Sunflower
74030,True,Sunflower
74031,True,Sunflower
74032,True,Sunflower
74033,True,Sunflower
74034,True,Sunflower
74035,True,Sunflower
74036,True,Sunflower
74037,True,Sunflower
74038,True,Sunflower
74039,True,Sunflower
74040,True,Sunflower
74041,True,Sunflower
74042,True,Sunflower
74043,True,Sunflower
74044,True,Sunflower
74045,True,Sunflower
74046,True,Sunflower
74047,True,Sunflower
74048,True,Sunflower
74049,True,Sunflower
74050,True,Sunflower
74051,True,Sunflower
74052,True,Sunflower
74053,True,Sunflower
74054,True,Sunflower
74055,True,Sunflower
74056,True,Sunflower
74057,True,Sunflower
74058,True,Sunflower
74059,True,Sunflower
74060,True,Sunflower
74061,True,Sunflower
74062,True,Sunflower
74063,True,Sunflower
74064,True,Sunflower
74065,True,Sunflower
74066,True,Sunflower
74067,True,Sunflower
74068,True,Sunflower
74069,True,Sunflower
74070,True,Soy
74071,True,Soy
74072,True,Soy
74073,True,Soy
74074,True,Soy
74075,True,Soy
74076,True,Soy
74077,True,Soy
74078,True,Soy
74079,True,Soy
74080,True,Soy
74081,True,Soy
74082,True,Soy
74083,True,Soy
74084,True,Soy
74085,True,Soy
74086,True,Soy
74087,True,Soy
74088,True,Soy
74089,True,Soy
74090,True,Corn
74091,True,Corn
74092,True,Corn
74093,True,Corn
74094,True,Corn
74095,True,Corn
74096,True,Corn
74097,True,Corn
74098,True,Corn
74099,True,Corn
74100,True,Sunflower
74101,True,Sunflower
74102,True,Sunflower
74103,True,Sunflower
74104,True,Sunflower
74105,True,Sunflower
74106,True,Sunflower
74107,True,Sunflower
74108,True,Sunflower
74109,True,Sunflower
74110,True,Sunflower
74111,True,Sunflower
74112,True,Sunflower
74113,True,Sunflower
74114,True,Sunflower
74115,True,Sunflower
74116,True,Sunflower
74117,True,Sunflower
74118,True,Sunflower
74119,True,Sunflower
74120,True,Sunflower
74121,True,Sunflower
74122,True,Sunflower
74123,True,Sunflower
74124,True,Sunflower
74125,True,Sunflower
74126,True,Sunflower
74127,True,Sunflower
74128,True,Sunflower
74129,True,Sunflower
74130,True,Sunflower
74131,True,Sunflower
74132,True,Sunflower
74133,True,Sunflower
74134,True,Sunflower
74135,True,Sunflower
74136,True,Sunflower
74137,True,Sunflower
74138,True,Sunflower
74139,True,Sunflower
74140,True,Corn
74141,True,Corn
74142,True,Corn
74143,True,Corn
74144,True,Corn
74145,True,Corn
74146,True,Corn
74147,True,Corn
74148,True,Corn
74149,True,Corn
74150,True,Corn
74151,True,Corn
74152,True,Corn
74153,True,Corn
74154,True,Corn
74155,True,Corn
74156,True,Corn
74157,True,Corn
74158,True,Corn
74159,True,Corn
74160,True,Soy
74161,True,Soy
74162,True,Soy
74163,True,Soy
74164,True,Soy
74165,False,Sorghum
74166,False,Sorghum
74167,False,Sorghum
74168,False,Sorghum
74169,False,Sorghum
74170,True,Soy
74171,True,Soy
74172,True,Soy
74173,True,Soy
74174,True,Soy
74175,True,Soy
74176,True,Soy
74177,True,Soy
74178,True,Soy
74179,True,Soy
74180,True,Soy
74181,True,Soy
74182,True,Soy
74183,True,Soy
74184,True,Soy
74185,True,Soy
74186,True,Soy
74187,True,Soy
74188,True,Soy
74189,True,Soy
74190,True,Soy
74191,True,Soy
74192,True,Soy
74193,True,Soy
74194,True,Soy
74195,True,Soy
74196,True,Soy
74197,True,Soy
74198,True,Soy
74199,True,Soy
74200,True,Sunflower
74201,True,Sunflower
74202,True,Sunflower
74203,True,Sunflower
74204,True,Sunflower
74205,True,Sunflower
74206,True,Sunflower
74207,True,Sunflower
74208,True,Sunflower
74209,True,Sunflower
74210,True,Corn_Ensilage
74211,True,Corn_Ensilage
74212,True,Corn_Ensilage
74213,True,Corn_Ensilage
74214,True,Corn_Ensilage
74215,True,Corn_Ensilage
74216,True,Corn_Ensilage
74217,True,Corn_Ensilage
74218,True,Corn_Ensilage
74219,True,Corn_Ensilage
74220,True,Corn_Ensilage
74221,True,Corn_Ensilage
74222,True,Corn_Ensilage
74223,True,Corn_Ensilage
74224,True,Corn_Ensilage
74225,True,Corn_Ensilage
74226,True,Corn_Ensilage
74227,True,Corn_Ensilage
74228,True,Corn_Ensilage
74229,True,Corn_Ensilage
74230,True,Sunflower
74231,True,Sunflower
74232,True,Sunflower
74233,True,Sunflower
74234,True,Sunflower
74235,True,Sunflower
74236,True,Sunflower
74237,True,Sunflower
74238,True,Sunflower
74239,True,Sunflower
74240,True,Soy
74241,True,Soy
74242,True,Soy
74243,True,Soy
74244,True,Soy
74245,True,Soy
74246,True,Soy
74247,True,Soy
74248,True,Soy
74249,True,Soy
74250,True,Soy
74251,True,Soy
74252,True,Soy
74253,True,Soy
74254,True,Soy
74255,True,Soy
74256,True,Soy
74257,True,Soy
74258,True,Soy
74259,True,Soy
74260,True,Corn
74261,True,Corn
74262,True,Corn
74263,True,Corn
74264,True,Corn
74265,True,Corn
74266,True,Corn
74267,True,Corn
74268,True,Corn
74269,True,Corn
74270,True,Sunflower
74271,True,Sunflower
74272,True,Sunflower
74273,True,Sunflower
74274,True,Sunflower
74275,True,Sunflower
74276,True,Sunflower
74277,True,Sunflower
74278,True,Sunflower
74279,True,Sunflower
74280,False,Sorghum
74281,False,Sorghum
74282,False,Sorghum
74283,False,Sorghum
74284,False,Sorghum
74285,False,Sorghum
74286,False,Sorghum
74287,False,Sorghum
74288,False,Sorghum
74289,False,Sorghum
74290,True,Corn
74291,True,Corn
74292,True,Corn
74293,True,Corn
74294,True,Corn
74295,True,Corn
74296,True,Corn
74297,True,Corn
74298,True,Corn
74299,True,Corn
74300,True,Corn
74301,True,Corn
74302,True,Corn
74303,True,Corn
74304,True,Corn
74305,True,Corn
74306,True,Corn
74307,True,Corn
74308,True,Corn
74309,True,Corn
74310,True,Sorghum
74311,True,Sorghum
74312,True,Sorghum
74313,True,Sorghum
74314,True,Sorghum
74315,True,Sorghum
74316,True,Sorghum
74317,True,Sorghum
74318,True,Sorghum
74319,True,Sorghum
74320,True,Corn_Ensilage
74321,True,Corn_Ensilage
74322,True,Corn_Ensilage
74323,True,Corn_Ensilage
74324,True,Corn_Ensilage
74325,True,Corn_Ensilage
74326,True,Corn_Ensilage
74327,True,Corn_Ensilage
74328,True,Corn_Ensilage
74329,True,Corn_Ensilage
74330,True,Corn
74331,True,Corn
74332,True,Corn
74333,True,Corn
74334,True,Corn
74335,True,Corn
74336,True,Corn
74337,True,Corn
74338,True,Corn
74339,True,Corn
74340,True,Corn_Ensilage
74341,True,Corn_Ensilage
74342,True,Corn_Ensilage
74343,True,Corn_Ensilage
74344,True,Corn_Ensilage
74345,True,Corn_Ensilage
74346,True,Corn_Ensilage
74347,True,Corn_Ensilage
74348,True,Corn_Ensilage
74349,True,Corn_Ensilage
74350,True,Soy
74351,True,Soy
74352,True,Soy
74353,True,Soy
74354,True,Soy
74355,True,Soy
74356,True,Soy
74357,True,Soy
74358,True,Soy
74359,True,Soy
74360,True,Corn
74361,True,Corn
74362,True,Corn
74363,True,Corn
74364,True,Corn
74365,False,Sunflower
74366,False,Sunflower
74367,False,Sunflower
74368,False,Sunflower
74369,False,Sunflower
74370,True,Sorghum
74371,True,Sorghum
74372,True,Sorghum
74373,True,Sorghum
74374,True,Sorghum
74375,True,Sorghum
74376,True,Sorghum
74377,True,Sorghum
74378,True,Sorghum
74379,True,Sorghum
74380,True,Sorghum
74381,True,Sorghum
74382,True,Sorghum
74383,True,Sorghum
74384,True,Sorghum
74385,True,Sorghum
74386,True,Sorghum
74387,True,Sorghum
74388,True,Sorghum
74389,True,Sorghum
74390,True,Sorghum
74391,True,Sorghum
74392,True,Sorghum
74393,True,Sorghum
74394,True,Sorghum
74395,True,Sorghum
74396,True,Sorghum
74397,True,Sorghum
74398,True,Sorghum
74399,True,Sorghum
74400,True,Corn_Ensilage
74401,True,Corn_Ensilage
74402,True,Corn_Ensilage
74403,True,Corn_Ensilage
74404,True,Corn_Ensilage
74405,True,Corn_Ensilage
74406,True,Corn_Ensilage
74407,True,Corn_Ensilage
74408,True,Corn_Ensilage
74409,True,Corn_Ensilage
74410,True,Corn
74411,True,Corn
74412,True,Corn
74413,True,Corn
74414,True,Corn
74415,True,Corn
74416,True,Corn
74417,True,Corn
74418,True,Corn
74419,True,Corn
74420,True,Soy
74421,True,Soy
74422,True,Soy
74423,True,Soy
74424,True,Soy
74425,True,Soy
74426,True,Soy
74427,True,Soy
74428,True,Soy
74429,True,Soy
74430,True,Soy
74431,True,Soy
74432,True,Soy
74433,True,Soy
74434,True,Soy
74435,True,Soy
74436,True,Soy
74437,True,Soy
74438,True,Soy
74439,True,Soy
74440,True,Corn_Ensilage
74441,True,Corn_Ensilage
74442,True,Corn_Ensilage
74443,True,Corn_Ensilage
74444,True,Corn_Ensilage
74445,True,Corn_Ensilage
74446,True,Corn_Ensilage
74447,True,Corn_Ensilage
74448,True,Corn_Ensilage
74449,True,Corn_Ensilage
74450,True,Corn_Ensilage
74451,True,Corn_Ensilage
74452,True,Corn_Ensilage
74453,True,Corn_Ensilage
74454,True,Corn_Ensilage
74455,True,Corn_Ensilage
74456,True,Corn_Ensilage
74457,True,Corn_Ensilage
74458,True,Corn_Ensilage
74459,True,Corn_Ensilage
74460,True,Sorghum
74461,True,Sorghum
74462,True,Sorghum
74463,True,Sorghum
74464,True,Sorghum
74465,True,Sorghum
74466,True,Sorghum
74467,True,Sorghum
74468,True,Sorghum
74469,True,Sorghum
74470,True,Corn
74471,True,Corn
74472,True,Corn
74473,True,Corn
74474,True,Corn
74475,True,Corn
74476,True,Corn
74477,True,Corn
74478,True,Corn
74479,True,Corn
74480,True,Corn_Ensilage
74481,True,Corn_Ensilage
74482,True,Corn_Ensilage
74483,True,Corn_Ensilage
74484,True,Corn_Ensilage
74485,True,Corn_Ensilage
74486,True,Corn_Ensilage
74487,True,Corn_Ensilage
74488,True,Corn_Ensilage
74489,True,Corn_Ensilage
74490,True,Sorghum
74491,True,Sorghum
74492,True,Sorghum
74493,True,Sorghum
74494,True,Sorghum
74495,True,Sorghum
74496,True,Sorghum
74497,True,Sorghum
74498,True,Sorghum
74499,True,Sorghum
74500,True,Soy
74501,True,Soy
74502,True,Soy
74503,True,Soy
74504,True,Soy
74505,True,Soy
74506,True,Soy
74507,True,Soy
74508,True,Soy
74509,True,Soy
74510,True,Soy
74511,True,Soy
74512,True,Soy
74513,True,Soy
74514,True,Soy
74515,True,Soy
74516,True,Soy
74517,True,Soy
74518,True,Soy
74519,True,Soy
74520,True,Corn
74521,True,Corn
74522,True,Corn
74523,True,Corn
74524,True,Corn
74525,True,Corn
74526,True,Corn
74527,True,Corn
74528,True,Corn
74529,True,Corn
74530,False,Sunflower
74531,False,Sunflower
74532,False,Sunflower
74533,False,Sunflower
74534,False,Sunflower
74535,False,Sunflower
74536,False,Sunflower
74537,False,Sunflower
74538,False,Sunflower
74539,False,Sunflower
74540,True,Sorghum
74541,True,Sorghum
74542,True,Sorghum
74543,True,Sorghum
74544,True,Sorghum
74545,True,Sorghum
74546,True,Sorghum
74547,True,Sorghum
74548,True,Sorghum
74549,True,Sorghum
74550,True,Corn_Ensilage
74551,True,Corn_Ensilage
74552,True,Corn_Ensilage
74553,True,Corn_Ensilage
74554,True,Corn_Ensilage
74555,True,Corn_Ensilage
74556,True,Corn_Ensilage
74557,True,Corn_Ensilage
74558,True,Corn_Ensilage
74559,True,Corn_Ensilage
74560,True,Corn
74561,True,Corn
74562,True,Corn
74563,True,Corn
74564,True,Corn
74565,True,Corn
74566,True,Corn
74567,True,Corn
74568,True,Corn
74569,True,Corn
74570,True,Sorghum
74571,True,Sorghum
74572,True,Sorghum
74573,True,Sorghum
74574,True,Sorghum
74575,True,Sorghum
74576,True,Sorghum
74577,True,Sorghum
74578,True,Sorghum
74579,True,Sorghum
74580,True,Sorghum
74581,True,Sorghum
74582,True,Sorghum
74583,True,Sorghum
74584,True,Sorghum
74585,True,Sorghum
74586,True,Sorghum
74587,True,Sorghum
74588,True,Sorghum
74589,True,Sorghum
74590,True,Sorghum
74591,True,Sorghum
74592,True,Sorghum
74593,True,Sorghum
74594,True,Sorghum
74595,True,Sorghum
74596,True,Sorghum
74597,True,Sorghum
74598,True,Sorghum
74599,True,Sorghum
74600,True,Corn_Ensilage
74601,True,Corn_Ensilage
74602,True,Corn_Ensilage
74603,True,Corn_Ensilage
74604,True,Corn_Ensilage
74605,True,Corn_Ensilage
74606,True,Corn_Ensilage
74607,True,Corn_Ensilage
74608,True,Corn_Ensilage
74609,True,Corn_Ensilage
74610,True,Corn
74611,True,Corn
74612,True,Corn
74613,True,Corn
74614,True,Corn
74615,True,Corn
74616,True,Corn
74617,True,Corn
74618,True,Corn
74619,True,Corn
74620,True,Corn_Ensilage
74621,True,Corn_Ensilage
74622,True,Corn_Ensilage
74623,True,Corn_Ensilage
74624,True,Corn_Ensilage
74625,True,Corn_Ensilage
74626,True,Corn_Ensilage
74627,True,Corn_Ensilage
74628,True,Corn_Ensilage
74629,True,Corn_Ensilage
74630,True,Corn_Ensilage
74631,True,Corn_Ensilage
74632,True,Corn_Ensilage
74633,True,Corn_Ensilage
74634,True,Corn_Ensilage
74635,True,Corn_Ensilage
74636,True,Corn_Ensilage
74637,True,Corn_Ensilage
74638,True,Corn_Ensilage
74639,True,Corn_Ensilage
74640,True,Corn_Ensilage
74641,True,Corn_Ensilage
74642,True,Corn_Ensilage
74643,True,Corn_Ensilage
74644,True,Corn_Ensilage
74645,True,Corn_Ensilage
74646,True,Corn_Ensilage
74647,True,Corn_Ensilage
74648,True,Corn_Ensilage
74649,True,Corn_Ensilage
74650,False,Sunflower
74651,False,Sunflower
74652,False,Sunflower
74653,False,Sunflower
74654,False,Sunflower
74655,False,Sunflower
74656,False,Sunflower
74657,False,Sunflower
74658,False,Sunflower
74659,False,Sunflower
74660,True,Soy
74661,True,Soy
74662,True,Soy
74663,True,Soy
74664,True,Soy
74665,True,Soy
74666,True,Soy
74667,True,Soy
74668,True,Soy
74669,True,Soy
74670,True,Sorghum
74671,True,Sorghum
74672,True,Sorghum
74673,True,Sorghum
74674,True,Sorghum
74675,True,Sorghum
74676,True,Sorghum
74677,True,Sorghum
74678,True,Sorghum
74679,True,Sorghum
74680,True,Soy
74681,True,Soy
74682,True,Soy
74683,True,Soy
74684,True,Soy
74685,True,Soy
74686,True,Soy
74687,True,Soy
74688,True,Soy
74689,True,Soy
74690,True,Corn
74691,True,Corn
74692,True,Corn
74693,True,Corn
74694,True,Corn
74695,True,Corn
74696,True,Corn
74697,True,Corn
74698,True,Corn
74699,True,Corn
74700,True,Corn_Ensilage
74701,True,Corn_Ensilage
74702,True,Corn_Ensilage
74703,True,Corn_Ensilage
74704,True,Corn_Ensilage
74705,True,Corn_Ensilage
74706,True,Corn_Ensilage
74707,True,Corn_Ensilage
74708,True,Corn_Ensilage
74709,True,Corn_Ensilage
74710,True,Corn_Ensilage
74711,True,Corn_Ensilage
74712,True,Corn_Ensilage
74713,True,Corn_Ensilage
74714,True,Corn_Ensilage
74715,True,Corn_Ensilage
74716,True,Corn_Ensilage
74717,True,Corn_Ensilage
74718,True,Corn_Ensilage
74719,True,Corn_Ensilage
74720,True,Corn_Ensilage
74721,True,Corn_Ensilage
74722,True,Corn_Ensilage
74723,True,Corn_Ensilage
74724,True,Corn_Ensilage
74725,True,Corn_Ensilage
74726,True,Corn_Ensilage
74727,True,Corn_Ensilage
74728,True,Corn_Ensilage
74729,True,Corn_Ensilage
74730,True,Sorghum
74731,True,Sorghum
74732,True,Sorghum
74733,True,Sorghum
74734,True,Sorghum
74735,True,Sorghum
74736,True,Sorghum
74737,True,Sorghum
74738,True,Sorghum
74739,True,Sorghum
74740,True,Corn
74741,True,Corn
74742,True,Corn
74743,True,Corn
74744,True,Corn
74745,True,Corn
74746,True,Corn
74747,True,Corn
74748,True,Corn
74749,True,Corn
74750,True,Sorghum
74751,True,Sorghum
74752,True,Sorghum
74753,True,Sorghum
74754,True,Sorghum
74755,True,Sorghum
74756,True,Sorghum
74757,True,Sorghum
74758,True,Sorghum
74759,True,Sorghum
74760,True,Soy
74761,True,Soy
74762,True,Soy
74763,True,Soy
74764,True,Soy
74765,True,Soy
74766,True,Soy
74767,True,Soy
74768,True,Soy
74769,True,Soy
74770,True,Corn_Ensilage
74771,True,Corn_Ensilage
74772,True,Corn_Ensilage
74773,True,Corn_Ensilage
74774,True,Corn_Ensilage
74775,True,Corn_Ensilage
74776,True,Corn_Ensilage
74777,True,Corn_Ensilage
74778,True,Corn_Ensilage
74779,True,Corn_Ensilage
74780,True,Soy
74781,True,Soy
74782,True,Soy
74783,True,Soy
74784,True,Soy
74785,True,Soy
74786,True,Soy
74787,True,Soy
74788,True,Soy
74789,True,Soy
74790,True,Corn
74791,True,Corn
74792,True,Corn
74793,True,Corn
74794,True,Corn
74795,True,Corn
74796,True,Corn
74797,True,Corn
74798,True,Corn
74799,True,Corn
74800,True,Corn_Ensilage
74801,True,Corn_Ensilage
74802,True,Corn_Ensilage
74803,True,Corn_Ensilage
74804,True,Corn_Ensilage
74805,True,Corn_Ensilage
74806,True,Corn_Ensilage
74807,True,Corn_Ensilage
74808,True,Corn_Ensilage
74809,True,Corn_Ensilage
74810,False,Soy
74811,False,Soy
74812,False,Soy
74813,False,Soy
74814,False,Soy
74815,False,Soy
74816,False,Soy
74817,False,Soy
74818,False,Soy
74819,False,Soy
74820,True,Sunflower
74821,True,Sunflower
74822,True,Sunflower
74823,True,Sunflower
74824,True,Sunflower
74825,True,Sunflower
74826,True,Sunflower
74827,True,Sunflower
74828,True,Sunflower
74829,True,Sunflower
74830,True,Corn
74831,True,Corn
74832,True,Corn
74833,True,Corn
74834,True,Corn
74835,True,Corn
74836,True,Corn
74837,True,Corn
74838,True,Corn
74839,True,Corn
74840,True,Sorghum
74841,True,Sorghum
74842,True,Sorghum
74843,True,Sorghum
74844,True,Sorghum
74845,True,Sorghum
74846,True,Sorghum
74847,True,Sorghum
74848,True,Sorghum
74849,True,Sorghum
74850,True,Sorghum
74851,True,Sorghum
74852,True,Sorghum
74853,True,Sorghum
74854,True,Sorghum
74855,True,Sorghum
74856,True,Sorghum
74857,True,Sorghum
74858,True,Sorghum
74859,True,Sorghum
74860,True,Sunflower
74861,True,Sunflower
74862,True,Sunflower
74863,True,Sunflower
74864,True,Sunflower
74865,True,Sunflower
74866,True,Sunflower
74867,True,Sunflower
74868,True,Sunflower
74869,True,Sunflower
74870,True,Sorghum
74871,True,Sorghum
74872,True,Sorghum
74873,True,Sorghum
74874,True,Sorghum
74875,True,Sorghum
74876,True,Sorghum
74877,True,Sorghum
74878,True,Sorghum
74879,True,Sorghum
74880,True,Corn_Ensilage
74881,True,Corn_Ensilage
74882,True,Corn_Ensilage
74883,True,Corn_Ensilage
74884,True,Corn_Ensilage
74885,True,Corn_Ensilage
74886,True,Corn_Ensilage
74887,True,Corn_Ensilage
74888,True,Corn_Ensilage
74889,True,Corn_Ensilage
74890,True,Sorghum
74891,True,Sorghum
74892,True,Sorghum
74893,True,Sorghum
74894,True,Sorghum
74895,True,Sorghum
74896,True,Sorghum
74897,True,Sorghum
74898,True,Sorghum
74899,True,Sorghum
74900,True,Sorghum
74901,True,Sorghum
74902,True,Sorghum
74903,True,Sorghum
74904,True,Sorghum
74905,True,Sorghum
74906,True,Sorghum
74907,True,Sorghum
74908,True,Sorghum
74909,True,Sorghum
74910,True,Sunflower
74911,True,Sunflower
74912,True,Sunflower
74913,True,Sunflower
74914,True,Sunflower
74915,True,Sunflower
74916,True,Sunflower
74917,True,Sunflower
74918,True,Sunflower
74919,True,Sunflower
74920,True,Sorghum
74921,True,Sorghum
74922,True,Sorghum
74923,True,Sorghum
74924,True,Sorghum
74925,True,Sorghum
74926,True,Sorghum
74927,True,Sorghum
74928,True,Sorghum
74929,True,Sorghum
74930,True,Corn_Ensilage
74931,True,Corn_Ensilage
74932,True,Corn_Ensilage
74933,True,Corn_Ensilage
74934,True,Corn_Ensilage
74935,True,Corn_Ensilage
74936,True,Corn_Ensilage
74937,True,Corn_Ensilage
74938,True,Corn_Ensilage
74939,True,Corn_Ensilage
74940,True,Sunflower
74941,True,Sunflower
74942,True,Sunflower
74943,True,Sunflower
74944,True,Sunflower
74945,True,Sunflower
74946,True,Sunflower
74947,True,Sunflower
74948,True,Sunflower
74949,True,Sunflower
74950,True,Corn
74951,True,Corn
74952,True,Corn
74953,True,Corn
74954,True,Corn
74955,True,Corn
74956,True,Corn
74957,True,Corn
74958,True,Corn
74959,True,Corn
74960,True,Sunflower
74961,True,Sunflower
74962,True,Sunflower
74963,True,Sunflower
74964,True,Sunflower
74965,True,Sunflower
74966,True,Sunflower
74967,True,Sunflower
74968,True,Sunflower
74969,True,Sunflower
74970,True,Corn_Ensilage
74971,True,Corn_Ensilage
74972,True,Corn_Ensilage
74973,True,Corn_Ensilage
74974,True,Corn_Ensilage
74975,True,Corn_Ensilage
74976,True,Corn_Ensilage
74977,True,Corn_Ensilage
74978,True,Corn_Ensilage
74979,True,Corn_Ensilage
74980,True,Sorghum
74981,True,Sorghum
74982,True,Sorghum
74983,True,Sorghum
74984,True,Sorghum
74985,True,Sorghum
74986,True,Sorghum
74987,True,Sorghum
74988,True,Sorghum
74989,True,Sorghum
74990,True,Sunflower
74991,True,Sunflower
74992,True,Sunflower
74993,True,Sunflower
74994,True,Sunflower
74995,True,Sunflower
74996,True,Sunflower
74997,True,Sunflower
74998,True,Sunflower
74999,True,Sunflower
75000,True,Corn
75001,True,Corn
75002,True,Corn
75003,True,Corn
75004,True,Corn
75005,True,Corn
75006,True,Corn
75007,True,Corn
75008,True,Corn
75009,True,Corn
75010,True,Sunflower
75011,True,Sunflower
75012,True,Sunflower
75013,True,Sunflower
75014,True,Sunflower
75015,True,Sunflower
75016,True,Sunflower
75017,True,Sunflower
75018,True,Sunflower
75019,True,Sunflower
75020,False,Soy
75021,False,Soy
75022,False,Soy
75023,False,Soy
75024,False,Soy
75025,False,Soy
75026,False,Soy
75027,False,Soy
75028,False,Soy
75029,False,Soy
75030,True,Sunflower
75031,True,Sunflower
75032,True,Sunflower
75033,True,Sunflower
75034,True,Sunflower
75035,True,Sunflower
75036,True,Sunflower
75037,True,Sunflower
75038,True,Sunflower
75039,True,Sunflower
75040,True,Corn
75041,True,Corn
75042,True,Corn
75043,True,Corn
75044,True,Corn
75045,True,Corn
75046,True,Corn
75047,True,Corn
75048,True,Corn
75049,True,Corn
75050,True,Sunflower
75051,True,Sunflower
75052,True,Sunflower
75053,True,Sunflower
75054,True,Sunflower
75055,True,Sunflower
75056,True,Sunflower
75057,True,Sunflower
75058,True,Sunflower
75059,True,Sunflower
75060,True,Corn
75061,True,Corn
75062,True,Corn
75063,True,Corn
75064,True,Corn
75065,True,Corn
75066,True,Corn
75067,True,Corn
75068,True,Corn
75069,True,Corn
75070,True,Corn_Ensilage
75071,True,Corn_Ensilage
75072,True,Corn_Ensilage
75073,True,Corn_Ensilage
75074,True,Corn_Ensilage
75075,False,Soy
75076,False,Soy
75077,False,Soy
75078,False,Soy
75079,False,Soy
75080,True,Corn
75081,True,Corn
75082,True,Corn
75083,True,Corn
75084,True,Corn
75085,True,Corn
75086,True,Corn
75087,True,Corn
75088,True,Corn
75089,True,Corn
75090,True,Sunflower
75091,True,Sunflower
75092,True,Sunflower
75093,True,Sunflower
75094,True,Sunflower
75095,True,Sunflower
75096,True,Sunflower
75097,True,Sunflower
75098,True,Sunflower
75099,True,Sunflower
75100,True,Corn
75101,True,Corn
75102,True,Corn
75103,True,Corn
75104,True,Corn
75105,True,Corn
75106,True,Corn
75107,True,Corn
75108,True,Corn
75109,True,Corn
75110,True,Sunflower
75111,True,Sunflower
75112,True,Sunflower
75113,True,Sunflower
75114,True,Sunflower
75115,True,Sunflower
75116,True,Sunflower
75117,True,Sunflower
75118,True,Sunflower
75119,True,Sunflower
75120,True,Sunflower
75121,True,Sunflower
75122,True,Sunflower
75123,True,Sunflower
75124,True,Sunflower
75125,True,Sunflower
75126,True,Sunflower
75127,True,Sunflower
75128,True,Sunflower
75129,True,Sunflower
75130,True,Sunflower
75131,True,Sunflower
75132,True,Sunflower
75133,True,Sunflower
75134,True,Sunflower
75135,True,Sunflower
75136,True,Sunflower
75137,True,Sunflower
75138,True,Sunflower
75139,True,Sunflower
75140,True,Sorghum
75141,True,Sorghum
75142,True,Sorghum
75143,True,Sorghum
75144,True,Sorghum
75145,True,Sorghum
75146,True,Sorghum
75147,True,Sorghum
75148,True,Sorghum
75149,True,Sorghum
75150,True,Corn_Ensilage
75151,True,Corn_Ensilage
75152,True,Corn_Ensilage
75153,True,Corn_Ensilage
75154,True,Corn_Ensilage
75155,True,Corn_Ensilage
75156,True,Corn_Ensilage
75157,True,Corn_Ensilage
75158,True,Corn_Ensilage
75159,True,Corn_Ensilage
75160,True,Sunflower
75161,True,Sunflower
75162,True,Sunflower
75163,True,Sunflower
75164,True,Sunflower
75165,True,Sunflower
75166,True,Sunflower
75167,True,Sunflower
75168,True,Sunflower
75169,True,Sunflower
75170,True,Corn
75171,True,Corn
75172,True,Corn
75173,True,Corn
75174,True,Corn
75175,True,Corn
75176,True,Corn
75177,True,Corn
75178,True,Corn
75179,True,Corn
75180,True,Sorghum
75181,True,Sorghum
75182,True,Sorghum
75183,True,Sorghum
75184,True,Sorghum
75185,True,Sorghum
75186,True,Sorghum
75187,True,Sorghum
75188,True,Sorghum
75189,True,Sorghum
75190,True,Corn
75191,True,Corn
75192,True,Corn
75193,True,Corn
75194,True,Corn
75195,True,Corn
75196,True,Corn
75197,True,Corn
75198,True,Corn
75199,True,Corn
75200,True,Corn
75201,True,Corn
75202,True,Corn
75203,True,Corn
75204,True,Corn
75205,True,Corn
75206,True,Corn
75207,True,Corn
75208,True,Corn
75209,True,Corn
75210,True,Sunflower
75211,True,Sunflower
75212,True,Sunflower
75213,True,Sunflower
75214,True,Sunflower
75215,True,Sunflower
75216,True,Sunflower
75217,True,Sunflower
75218,True,Sunflower
75219,True,Sunflower
75220,True,Corn
75221,True,Corn
75222,True,Corn
75223,True,Corn
75224,True,Corn
75225,True,Corn
75226,True,Corn
75227,True,Corn
75228,True,Corn
75229,True,Corn
75230,True,Corn
75231,True,Corn
75232,True,Corn
75233,True,Corn
75234,True,Corn
75235,True,Corn
75236,True,Corn
75237,True,Corn
75238,True,Corn
75239,True,Corn
75240,True,Sunflower
75241,True,Sunflower
75242,True,Sunflower
75243,True,Sunflower
75244,True,Sunflower
75245,True,Sunflower
75246,True,Sunflower
75247,True,Sunflower
75248,True,Sunflower
75249,True,Sunflower
75250,True,Sorghum
75251,True,Sorghum
75252,True,Sorghum
75253,True,Sorghum
75254,True,Sorghum
75255,True,Sorghum
75256,True,Sorghum
75257,True,Sorghum
75258,True,Sorghum
75259,True,Sorghum
75260,True,Corn_Ensilage
75261,True,Corn_Ensilage
75262,True,Corn_Ensilage
75263,True,Corn_Ensilage
75264,True,Corn_Ensilage
75265,True,Corn_Ensilage
75266,True,Corn_Ensilage
75267,True,Corn_Ensilage
75268,True,Corn_Ensilage
75269,True,Corn_Ensilage
75270,True,Sorghum
75271,True,Sorghum
75272,True,Sorghum
75273,True,Sorghum
75274,True,Sorghum
75275,True,Sorghum
75276,True,Sorghum
75277,True,Sorghum
75278,True,Sorghum
75279,True,Sorghum
75280,True,Sorghum
75281,True,Sorghum
75282,True,Sorghum
75283,True,Sorghum
75284,True,Sorghum
75285,True,Sorghum
75286,True,Sorghum
75287,True,Sorghum
75288,True,Sorghum
75289,True,Sorghum
